dataset,model,anomaly_rate(test),PR_AUC,ROC_AUC,Precision@k,k
annthyroid,IsolationForest,0.074074074074074,0.3332189689333991,0.82355,0.3375,160
cardio,IsolationForest,0.0963636363636363,0.6187881293839477,0.9377016817888464,0.5471698113207547,53
mammography,IsolationForest,0.0232488822652757,0.1501726660102614,0.8461753636456109,0.1923076923076923,78
shuttle,IsolationForest,0.0714867617107943,0.9805247261545814,0.9973469437776912,0.9677113010446344,1053
thyroid,IsolationForest,0.0247349823321554,0.595606227379928,0.979296066252588,0.5714285714285714,28
