model,PR_AUC,ROC_AUC,Precision@k
IsolationForest,0.5356621435724235,0.9168140110929472,0.5232234752203306
OneClassSVM,0.2426497348280106,0.7388685710351233,0.30544131706867556
LOF,0.17139858729918434,0.7197861534383083,0.1750308354003322
